symbol,date,open,high,low,close,volume
STRTECH,2016-01-01,48.325,49.2,48.25,48.8,1084754
STRTECH,2016-01-04,48.55,49.75,47.525,48.0,1472912
STRTECH,2016-01-05,48.5,49.15,47.8,48.35,1090888
STRTECH,2016-01-06,48.5,48.95,47.5,47.6,726604
STRTECH,2016-01-07,46.975,46.975,45.35,45.9,981782
STRTECH,2016-01-08,46.275,47.125,46.15,46.5,810574
STRTECH,2016-01-11,45.95,47.675,45.525,46.95,945974
STRTECH,2016-01-12,47.275,47.35,46.05,46.525,697578
STRTECH,2016-01-13,46.8,47.0,41.425,44.525,1856108
STRTECH,2016-01-14,43.5,45.0,42.0,43.5,1102302
STRTECH,2016-01-15,43.75,44.5,40.5,41.625,1266188
STRTECH,2016-01-18,40.95,41.075,37.55,38.125,1479492
STRTECH,2016-01-19,38.2,40.75,38.2,40.375,1264266
STRTECH,2016-01-20,39.0,40.5,38.75,40.0,808848
STRTECH,2016-01-21,40.5,41.0,39.2,39.75,952530
STRTECH,2016-01-22,40.325,41.3,39.65,39.925,1249748
STRTECH,2016-01-25,41.0,41.95,40.95,41.625,773934
STRTECH,2016-01-27,41.975,42.975,41.975,42.35,1530456
STRTECH,2016-01-28,42.6,43.8,41.325,41.7,3494276
STRTECH,2016-01-29,42.2,43.75,42.2,43.475,2333182
STRTECH,2016-02-01,43.875,43.975,41.75,42.125,1241418
STRTECH,2016-02-02,42.3,42.6,41.05,41.5,795160
STRTECH,2016-02-03,40.25,40.6,39.175,39.725,927582
STRTECH,2016-02-04,39.95,40.45,39.175,39.6,681906
STRTECH,2016-02-05,39.3,40.55,39.1,40.2,715906
STRTECH,2016-02-08,40.4,40.9,39.75,40.025,551450
STRTECH,2016-02-09,39.15,40.3,38.6,40.25,491582
STRTECH,2016-02-10,39.85,40.0,39.025,39.025,611216
STRTECH,2016-02-11,39.2,39.275,37.55,37.8,888314
STRTECH,2016-02-12,38.0,38.375,36.375,36.375,1472434
STRTECH,2016-02-15,37.2,38.55,37.2,38.075,687366
STRTECH,2016-02-16,38.3,38.575,35.425,35.9,903934
STRTECH,2016-02-17,36.3,36.425,34.75,35.275,891162
STRTECH,2016-02-18,35.725,37.4,35.725,37.375,943238
STRTECH,2016-02-19,36.7,38.45,36.7,38.25,778744
STRTECH,2016-02-22,38.625,39.15,37.225,38.55,657030
STRTECH,2016-02-23,38.45,38.975,37.825,38.425,865056
STRTECH,2016-02-24,37.925,38.625,37.5,37.75,492834
STRTECH,2016-02-25,37.7,38.2,37.55,37.875,327176
STRTECH,2016-02-26,38.025,38.2,37.075,37.275,612202
STRTECH,2016-02-29,37.3,37.45,35.85,36.85,587824
STRTECH,2016-03-01,36.925,38.3,36.75,38.025,738456
STRTECH,2016-03-02,38.7,39.8,38.7,39.675,610216
STRTECH,2016-03-03,39.875,40.15,39.2,39.675,615614
STRTECH,2016-03-04,39.975,40.8,39.25,40.125,606402
STRTECH,2016-03-08,40.25,41.875,40.125,40.875,876958
STRTECH,2016-03-09,40.425,41.075,40.05,40.85,462706
STRTECH,2016-03-10,40.95,41.15,39.725,40.05,626766
STRTECH,2016-03-11,40.3,41.2,40.05,40.675,470044
STRTECH,2016-03-14,40.95,41.1,40.5,40.625,298848
STRTECH,2016-03-15,40.325,40.975,40.1,40.275,346830
STRTECH,2016-03-16,40.475,40.475,39.025,40.1,482806
STRTECH,2016-03-17,40.5,40.8,40.0,40.175,429372
STRTECH,2016-03-18,40.3,40.8,39.9,40.1,567126
STRTECH,2016-03-21,40.4,41.675,40.025,41.45,535168
STRTECH,2016-03-22,41.6,44.95,41.6,44.9,3093700
STRTECH,2016-03-23,44.975,44.975,43.575,44.125,1047928
STRTECH,2016-03-28,44.6,45.375,42.875,43.3,1042246
STRTECH,2016-03-29,42.7,46.6,42.7,45.75,3388198
STRTECH,2016-03-30,45.65,46.85,44.65,46.45,2177510
STRTECH,2016-03-31,46.05,46.5,45.05,45.175,599886
STRTECH,2016-04-01,45.05,46.0,44.8,45.65,494616
STRTECH,2016-04-04,45.725,46.025,44.85,45.85,583160
STRTECH,2016-04-05,45.175,45.425,43.7,44.375,570676
STRTECH,2016-04-06,44.725,45.3,43.425,44.6,769146
STRTECH,2016-04-07,44.55,44.775,43.8,44.325,367604
STRTECH,2016-04-08,44.175,45.5,43.75,45.375,689438
STRTECH,2016-04-11,45.5,47.225,45.3,46.6,1500290
STRTECH,2016-04-12,47.0,47.2,46.05,46.125,753780
STRTECH,2016-04-13,46.55,46.875,45.5,45.675,731656
STRTECH,2016-04-18,46.0,46.0,44.5,44.575,821180
STRTECH,2016-04-20,45.25,45.25,44.25,44.4,892872
STRTECH,2016-04-21,44.6,45.25,44.2,44.35,684110
STRTECH,2016-04-22,44.375,46.35,44.05,45.925,2389354
STRTECH,2016-04-25,45.85,46.575,45.15,45.375,1117392
STRTECH,2016-04-26,45.45,46.25,45.275,45.9,792396
STRTECH,2016-04-27,45.975,46.7,45.8,46.25,1332028
STRTECH,2016-04-28,46.525,47.4,44.625,44.75,1535100
STRTECH,2016-04-29,44.6,45.35,43.4,44.2,822932
STRTECH,2016-05-02,44.0,44.725,43.825,44.1,538582
STRTECH,2016-05-03,44.35,44.75,43.5,43.55,606712
STRTECH,2016-05-04,43.675,43.725,42.675,42.85,420144
STRTECH,2016-05-05,43.2,43.65,42.7,42.8,458868
STRTECH,2016-05-06,42.825,44.1,42.0,43.875,741704
STRTECH,2016-05-09,44.4,44.4,43.025,43.15,685804
STRTECH,2016-05-10,43.25,43.925,43.025,43.625,389774
STRTECH,2016-05-11,42.625,44.625,42.35,44.0,919506
STRTECH,2016-05-12,44.175,45.05,43.875,44.175,790140
STRTECH,2016-05-13,44.0,44.5,43.25,43.5,407632
STRTECH,2016-05-16,43.7,44.275,43.2,43.775,352768
STRTECH,2016-05-17,43.575,44.25,43.5,43.75,609154
STRTECH,2016-05-18,43.525,44.975,43.425,44.95,783930
STRTECH,2016-05-19,45.1,45.8,43.75,43.8,1454976
STRTECH,2016-05-20,44.025,44.475,43.3,43.4,623294
STRTECH,2016-05-23,43.975,45.6,43.55,44.6,1748496
STRTECH,2016-05-24,45.125,45.225,42.05,42.4,1566080
STRTECH,2016-05-25,42.925,43.425,42.55,43.225,701936
STRTECH,2016-05-26,43.6,45.0,42.8,44.125,3281204
STRTECH,2016-05-27,44.35,44.375,43.25,43.25,961272
STRTECH,2016-05-30,43.9,46.0,43.4,45.8,3535802
STRTECH,2016-05-31,45.85,46.5,44.6,46.2,3255234
STRTECH,2016-06-01,46.1,47.225,45.8,47.225,1954746
STRTECH,2016-06-02,46.875,47.05,45.375,45.75,986552
STRTECH,2016-06-03,46.0,46.1,44.925,45.125,1084312
STRTECH,2016-06-06,45.05,45.3,44.35,45.1,819478
STRTECH,2016-06-07,46.25,47.7,46.05,47.075,4021774
STRTECH,2016-06-08,47.1,48.875,46.6,47.8,2862352
STRTECH,2016-06-09,48.25,49.1,47.3,48.55,2433748
STRTECH,2016-06-10,48.0,48.875,47.625,48.075,1903838
STRTECH,2016-06-13,48.15,48.625,46.475,46.725,2049522
STRTECH,2016-06-14,47.25,47.375,45.5,46.3,3010502
STRTECH,2016-06-15,73.9,77.55,73.9,77.55,280574
STRTECH,2016-06-16,80.55,81.4,79.15,81.4,311239
STRTECH,2016-06-17,83.0,85.45,80.2,82.75,549382
STRTECH,2016-06-20,81.65,82.6,80.05,81.0,137081
STRTECH,2016-06-21,81.2,81.9,79.25,81.1,155728
STRTECH,2016-06-22,80.85,81.6,80.0,80.0,413299
STRTECH,2016-06-23,81.0,81.0,78.75,79.5,132413
STRTECH,2016-06-24,77.0,78.8,75.45,78.5,257095
STRTECH,2016-06-27,77.5,81.6,77.0,81.6,296149
STRTECH,2016-06-28,81.5,85.55,80.25,85.55,407652
STRTECH,2016-06-29,90.8,92.0,87.0,87.25,2228406
STRTECH,2016-06-30,88.0,89.7,87.7,88.5,485448
STRTECH,2016-07-01,88.55,90.65,87.0,87.35,292882
STRTECH,2016-07-04,88.0,89.5,86.95,87.65,503248
STRTECH,2016-07-05,87.5,87.85,86.2,87.0,183050
STRTECH,2016-07-07,87.0,87.25,85.2,85.3,288807
STRTECH,2016-07-08,85.3,87.5,84.1,86.5,431242
STRTECH,2016-07-11,87.0,88.6,86.0,86.0,316385
STRTECH,2016-07-12,86.75,90.2,85.8,88.35,654619
STRTECH,2016-07-13,89.0,91.1,88.0,89.7,671142
STRTECH,2016-07-14,90.45,92.45,88.55,90.7,760830
STRTECH,2016-07-15,91.0,94.8,89.5,93.55,1360642
STRTECH,2016-07-18,94.0,94.0,90.15,90.15,365749
STRTECH,2016-07-19,90.95,90.95,88.75,89.2,226465
STRTECH,2016-07-20,89.05,91.3,88.0,90.75,313619
STRTECH,2016-07-21,90.6,92.0,88.6,88.6,233277
STRTECH,2016-07-22,89.1,90.3,88.7,89.3,267086
STRTECH,2016-07-25,89.4,92.75,87.3,87.8,2495519
STRTECH,2016-07-26,90.1,90.5,88.25,89.95,903901
STRTECH,2016-07-27,90.35,92.6,89.55,90.7,643026
STRTECH,2016-07-28,90.9,91.0,88.65,89.0,311100
STRTECH,2016-07-29,89.1,89.95,88.0,89.0,203502
STRTECH,2016-08-01,88.75,90.3,86.6,89.85,645345
STRTECH,2016-08-02,90.0,90.25,87.95,89.6,551471
STRTECH,2016-08-03,88.95,89.5,86.8,86.9,341700
STRTECH,2016-08-04,87.9,88.65,86.0,86.0,141904
STRTECH,2016-08-05,86.45,90.95,86.45,90.1,670986
STRTECH,2016-08-08,90.95,91.2,88.5,88.65,260854
STRTECH,2016-08-09,89.0,89.4,87.75,88.25,231137
STRTECH,2016-08-10,88.4,88.85,86.7,87.4,210309
STRTECH,2016-08-11,87.4,88.4,83.9,87.35,238441
STRTECH,2016-08-12,87.35,88.6,86.5,87.3,139249
STRTECH,2016-08-16,87.8,88.6,86.0,86.8,200860
STRTECH,2016-08-17,87.0,88.4,87.0,88.4,144972
STRTECH,2016-08-18,89.05,89.55,88.0,88.0,170698
STRTECH,2016-08-19,88.2,89.8,88.0,88.85,284526
STRTECH,2016-08-22,88.8,91.5,87.4,89.05,529957
STRTECH,2016-08-23,89.6,89.95,86.5,86.8,235720
STRTECH,2016-08-24,87.2,87.9,86.4,87.3,241173
STRTECH,2016-08-25,86.85,88.9,86.7,87.6,203261
STRTECH,2016-08-26,88.2,88.2,85.1,85.25,219173
STRTECH,2016-08-29,85.9,85.9,84.05,84.2,176491
STRTECH,2016-08-30,84.4,85.25,84.1,84.15,178977
STRTECH,2016-08-31,84.85,85.75,84.4,84.4,169268
STRTECH,2016-09-01,84.6,89.1,84.0,86.35,978393
STRTECH,2016-09-02,87.1,88.25,85.05,85.35,365677
STRTECH,2016-09-06,85.55,86.7,85.45,85.75,169398
STRTECH,2016-09-07,85.9,87.7,85.2,86.55,252048
STRTECH,2016-09-08,86.75,87.75,86.05,86.2,196607
STRTECH,2016-09-09,87.0,88.0,86.05,86.1,280074
STRTECH,2016-09-12,85.0,88.4,84.05,84.6,526385
STRTECH,2016-09-14,84.6,86.4,84.4,86.15,297001
STRTECH,2016-09-15,88.8,89.0,87.6,88.6,1030775
STRTECH,2016-09-16,89.0,90.6,87.2,88.75,1216950
STRTECH,2016-09-19,89.05,89.05,87.0,87.15,281042
STRTECH,2016-09-20,87.05,87.65,85.95,86.2,157643
STRTECH,2016-09-21,86.1,87.1,85.05,85.45,292388
STRTECH,2016-09-22,86.4,86.8,85.1,85.2,179664
STRTECH,2016-09-23,85.6,85.8,84.75,85.1,158530
STRTECH,2016-09-26,85.0,86.5,83.15,84.0,282525
STRTECH,2016-09-27,84.5,85.4,80.5,81.95,286034
STRTECH,2016-09-28,82.35,83.0,81.0,81.15,394298
STRTECH,2016-09-29,81.9,83.2,73.95,74.0,648706
STRTECH,2016-09-30,74.95,80.65,73.9,79.0,765206
STRTECH,2016-10-03,80.85,85.75,79.65,84.5,986454
STRTECH,2016-10-04,85.0,85.3,83.1,83.85,210871
STRTECH,2016-10-05,84.5,86.85,84.2,86.25,567745
STRTECH,2016-10-06,88.3,90.7,88.0,90.5,1196436
STRTECH,2016-10-07,90.7,91.95,88.25,88.3,810138
STRTECH,2016-10-10,89.7,91.25,88.3,89.2,549368
STRTECH,2016-10-13,89.0,91.8,86.85,87.7,986960
STRTECH,2016-10-14,88.9,99.6,88.55,97.45,4115396
STRTECH,2016-10-17,97.9,101.8,95.2,99.7,2900416
STRTECH,2016-10-18,99.95,104.1,99.25,103.15,2332697
STRTECH,2016-10-19,103.15,105.9,102.5,103.0,1338548
STRTECH,2016-10-20,103.0,108.25,102.55,106.95,1935390
STRTECH,2016-10-21,106.95,111.0,105.6,109.4,2590639
STRTECH,2016-10-24,110.45,113.05,110.2,111.0,1517707
STRTECH,2016-10-25,110.9,110.9,106.2,107.65,910817
STRTECH,2016-10-26,106.95,112.4,105.4,107.5,1574711
STRTECH,2016-10-27,105.0,109.8,103.0,103.15,1500075
STRTECH,2016-10-28,105.5,107.55,102.3,102.65,1471904
STRTECH,2016-10-30,103.0,106.25,103.0,105.9,315535
STRTECH,2016-11-01,106.05,106.4,102.15,102.5,878953
STRTECH,2016-11-02,101.5,101.5,97.35,97.7,1023503
STRTECH,2016-11-03,97.35,99.35,95.0,95.2,590768
STRTECH,2016-11-04,95.5,96.15,90.25,91.6,766469
STRTECH,2016-11-07,94.2,98.9,94.2,98.3,777271
STRTECH,2016-11-08,99.0,103.1,99.0,101.45,845460
STRTECH,2016-11-09,89.0,102.3,87.0,99.85,1278075
STRTECH,2016-11-10,101.25,103.75,98.1,99.0,801127
STRTECH,2016-11-11,98.5,99.0,92.5,93.9,579586
STRTECH,2016-11-15,93.9,95.85,89.1,93.55,1192260
STRTECH,2016-11-16,95.05,95.05,92.05,93.65,593176
STRTECH,2016-11-17,93.4,94.3,92.75,93.5,310415
STRTECH,2016-11-18,93.8,96.0,93.7,94.05,347536
STRTECH,2016-11-21,94.75,94.75,92.05,92.5,1121018
STRTECH,2016-11-22,93.5,93.5,91.3,91.85,549482
STRTECH,2016-11-23,92.75,94.95,91.55,94.0,661731
STRTECH,2016-11-24,94.15,95.5,93.2,94.2,394274
STRTECH,2016-11-25,95.5,97.7,95.5,95.5,381872
STRTECH,2016-11-28,95.65,96.5,94.1,94.5,315903
STRTECH,2016-11-29,95.6,96.7,94.8,95.3,603525
STRTECH,2016-11-30,95.75,96.5,94.45,95.75,311719
STRTECH,2016-12-01,96.45,96.45,94.5,94.6,173072
STRTECH,2016-12-02,95.0,96.85,93.75,94.05,573473
STRTECH,2016-12-05,94.15,94.55,93.6,94.0,237254
STRTECH,2016-12-06,94.4,95.5,93.85,94.05,203653
STRTECH,2016-12-07,94.45,94.75,93.85,94.0,198497
STRTECH,2016-12-09,94.9,101.8,94.15,98.25,1949760
STRTECH,2016-12-12,99.0,102.4,96.1,98.8,883003
STRTECH,2016-12-13,98.55,99.35,96.45,96.8,456092
STRTECH,2016-12-14,97.3,99.15,95.5,96.1,831170
STRTECH,2016-12-15,95.25,98.0,95.0,96.4,492531
STRTECH,2016-12-16,96.2,97.1,95.5,95.7,389446
STRTECH,2016-12-19,98.8,99.65,97.0,97.3,791840
STRTECH,2016-12-20,97.6,97.85,96.0,96.15,340736
STRTECH,2016-12-21,96.6,97.85,96.0,96.8,288019
STRTECH,2016-12-22,97.0,97.95,95.1,95.1,474510
STRTECH,2016-12-23,95.0,96.5,94.55,95.1,214700
STRTECH,2016-12-26,95.0,96.9,94.6,95.5,332255
STRTECH,2016-12-27,95.25,96.6,94.8,96.1,238267
STRTECH,2016-12-28,96.2,96.6,94.2,95.25,213221
STRTECH,2016-12-29,95.9,97.0,94.6,95.25,243479
STRTECH,2016-12-30,95.9,97.45,95.9,96.1,274569
STRTECH,2017-01-02,95.5,97.15,95.45,96.4,243343
STRTECH,2017-01-03,96.55,100.15,96.4,98.15,566409
STRTECH,2017-01-04,98.25,100.0,97.7,98.3,434872
STRTECH,2017-01-05,98.95,104.45,97.8,104.4,1969876
STRTECH,2017-01-06,104.7,105.9,102.85,103.75,1068128
STRTECH,2017-01-09,103.85,104.35,102.1,102.4,303820
STRTECH,2017-01-10,103.1,106.5,103.1,103.55,765492
STRTECH,2017-01-11,104.85,105.7,103.2,103.2,782029
STRTECH,2017-01-12,104.0,104.95,102.55,102.9,1446009
STRTECH,2017-01-13,103.5,103.9,102.5,102.85,304638
STRTECH,2017-01-16,103.2,107.7,102.8,106.7,1216260
STRTECH,2017-01-17,107.35,108.95,106.5,107.0,893352
STRTECH,2017-01-18,108.4,115.2,108.05,109.4,7581835
STRTECH,2017-01-19,110.0,113.35,110.0,110.6,2255625
STRTECH,2017-01-20,110.8,112.4,107.3,107.6,1473625
STRTECH,2017-01-23,107.95,111.75,107.95,111.7,1089495
STRTECH,2017-01-24,111.6,117.3,111.05,117.0,2762327
STRTECH,2017-01-25,117.0,124.55,117.0,121.8,4941903
STRTECH,2017-01-27,122.3,123.4,119.35,120.75,1413542
STRTECH,2017-01-30,120.0,126.2,119.15,125.7,1932513
STRTECH,2017-01-31,125.85,127.6,122.25,124.6,1725047
STRTECH,2017-02-01,123.95,132.15,122.4,129.7,3929282
STRTECH,2017-02-02,129.5,129.9,124.6,129.2,1938571
STRTECH,2017-02-03,129.8,132.9,129.55,132.25,1925554
STRTECH,2017-02-06,132.95,135.0,132.0,134.3,1833305
STRTECH,2017-02-07,134.0,136.8,133.3,136.15,1315969
STRTECH,2017-02-08,135.95,135.95,131.7,133.1,695449
STRTECH,2017-02-09,133.25,134.0,129.3,130.05,611507
STRTECH,2017-02-10,130.0,130.75,127.45,127.95,595873
STRTECH,2017-02-13,128.4,130.25,127.15,129.6,641998
STRTECH,2017-02-14,129.75,132.95,128.2,130.0,689580
STRTECH,2017-02-15,130.0,130.2,124.4,125.0,443006
STRTECH,2017-02-16,125.5,133.5,122.3,129.2,1006628
STRTECH,2017-02-17,130.35,131.05,128.0,128.05,389614
STRTECH,2017-02-20,127.55,131.6,126.9,131.25,455357
STRTECH,2017-02-21,131.55,135.0,131.0,133.8,1033682
STRTECH,2017-02-22,134.0,134.7,131.5,131.8,646358
STRTECH,2017-02-23,132.4,132.45,130.1,130.8,271532
STRTECH,2017-02-27,131.3,132.2,127.25,127.95,341476
STRTECH,2017-02-28,128.4,132.4,128.05,129.45,629184
STRTECH,2017-03-01,130.4,130.8,127.0,127.5,483263
STRTECH,2017-03-02,128.25,130.0,126.35,127.0,437291
STRTECH,2017-03-03,127.3,128.5,125.65,126.45,360370
STRTECH,2017-03-06,126.55,128.7,124.75,125.1,382098
STRTECH,2017-03-07,125.6,127.95,125.0,125.05,348221
STRTECH,2017-03-08,125.45,126.6,123.5,124.1,228245
STRTECH,2017-03-09,124.6,125.2,122.55,122.85,288250
STRTECH,2017-03-10,124.0,125.95,122.25,122.6,377512
STRTECH,2017-03-14,125.85,126.4,122.75,123.35,453629
STRTECH,2017-03-15,123.5,124.8,122.9,123.65,211502
STRTECH,2017-03-16,125.25,126.5,123.95,124.3,553898
STRTECH,2017-03-17,124.9,127.5,123.6,125.0,553162
STRTECH,2017-03-20,124.8,125.3,121.7,122.05,284343
STRTECH,2017-03-21,122.9,123.3,120.5,122.0,416788
STRTECH,2017-03-22,120.5,122.95,120.45,121.5,275810
STRTECH,2017-03-23,121.9,127.0,121.1,126.0,1025359
STRTECH,2017-03-24,126.0,132.5,125.35,128.0,2087056
STRTECH,2017-03-27,128.0,129.0,125.05,125.5,471421
STRTECH,2017-03-28,126.3,127.85,125.6,125.7,523474
STRTECH,2017-03-29,126.3,126.95,124.0,124.4,486240
STRTECH,2017-03-30,125.75,128.95,125.1,126.6,452611
STRTECH,2017-03-31,126.2,128.2,125.25,126.0,411080
STRTECH,2017-04-03,127.0,133.35,126.5,131.85,1515283
STRTECH,2017-04-05,132.9,134.7,131.4,131.7,1134266
STRTECH,2017-04-06,131.55,133.7,129.0,133.15,900212
STRTECH,2017-04-07,131.6,134.0,130.5,130.6,706136
STRTECH,2017-04-10,131.9,132.75,129.45,131.85,407990
STRTECH,2017-04-11,130.7,137.7,130.7,137.0,1367551
STRTECH,2017-04-12,137.65,141.9,135.0,139.5,2850420
STRTECH,2017-04-13,140.0,149.7,138.9,149.0,3570493
STRTECH,2017-04-17,149.35,156.0,149.1,150.8,1883365
STRTECH,2017-04-18,150.4,150.4,139.15,142.4,1313375
STRTECH,2017-04-19,140.6,145.25,136.7,144.3,1394339
STRTECH,2017-04-20,144.9,147.8,142.0,147.7,590189
STRTECH,2017-04-21,147.25,147.5,142.35,145.55,432226
STRTECH,2017-04-24,145.65,153.55,144.45,152.9,1363484
STRTECH,2017-04-25,153.9,156.45,150.2,152.8,936096
STRTECH,2017-04-26,154.4,155.9,148.2,150.0,2365901
STRTECH,2017-04-27,154.6,155.05,144.3,145.0,1413582
STRTECH,2017-04-28,146.0,150.4,144.65,146.3,1052241
STRTECH,2017-05-02,148.7,154.95,148.5,154.85,1671744
STRTECH,2017-05-03,155.45,161.9,155.45,159.6,2038753
STRTECH,2017-05-04,160.55,160.75,156.1,157.45,1023108
STRTECH,2017-05-05,157.6,157.9,152.2,154.55,599552
STRTECH,2017-05-08,155.35,157.5,152.8,157.35,604815
STRTECH,2017-05-09,156.35,159.45,155.6,156.7,688441
STRTECH,2017-05-10,157.55,157.75,153.35,154.0,421631
STRTECH,2017-05-11,154.9,156.5,153.0,153.4,349465
STRTECH,2017-05-12,153.0,156.3,151.4,155.1,407929
STRTECH,2017-05-15,155.35,161.15,154.2,159.45,1052376
STRTECH,2017-05-16,160.05,163.5,160.0,162.35,1067614
STRTECH,2017-05-17,163.4,170.6,163.05,168.75,2320024
STRTECH,2017-05-18,165.0,167.15,160.0,161.0,748960
STRTECH,2017-05-19,162.2,164.45,158.5,160.5,405347
STRTECH,2017-05-22,161.0,163.65,158.25,160.7,494999
STRTECH,2017-05-23,161.05,161.15,151.7,158.5,432753
STRTECH,2017-05-24,158.9,161.55,151.05,153.3,687395
STRTECH,2017-05-25,154.35,159.35,154.35,158.0,478117
STRTECH,2017-05-26,159.5,160.75,156.25,160.75,453775
STRTECH,2017-05-29,160.1,161.35,155.4,156.8,336529
STRTECH,2017-05-30,155.95,159.0,154.5,156.55,419737
STRTECH,2017-05-31,156.95,158.6,154.1,155.0,243946
STRTECH,2017-06-01,153.2,158.25,153.1,154.85,342079
STRTECH,2017-06-02,155.8,157.2,153.4,155.5,200461
STRTECH,2017-06-05,156.0,157.9,153.9,154.3,236591
STRTECH,2017-06-06,154.6,157.5,151.8,152.95,214223
STRTECH,2017-06-07,153.6,155.4,153.35,153.65,219334
STRTECH,2017-06-08,155.4,155.6,153.3,153.7,175702
STRTECH,2017-06-09,153.45,160.2,153.0,154.55,695401
STRTECH,2017-06-12,154.5,155.9,153.65,155.0,279075
STRTECH,2017-06-13,154.65,156.4,153.25,154.25,463254
STRTECH,2017-06-14,155.5,157.15,152.7,153.2,466588
STRTECH,2017-06-15,153.95,155.5,153.05,153.75,206140
STRTECH,2017-06-16,154.0,155.85,152.35,152.55,269162
STRTECH,2017-06-19,153.5,154.35,149.4,149.7,239138
STRTECH,2017-06-20,150.15,155.0,150.1,154.7,319531
STRTECH,2017-06-21,155.0,155.8,150.85,151.6,276354
STRTECH,2017-06-22,152.05,154.25,150.5,150.9,271480
STRTECH,2017-06-23,151.2,151.55,145.0,146.4,372136
STRTECH,2017-06-27,151.5,152.5,148.15,149.2,614289
STRTECH,2017-06-28,149.2,149.45,144.0,145.85,359668
STRTECH,2017-06-29,146.45,149.8,146.4,148.7,528036
STRTECH,2017-06-30,148.4,148.4,146.0,146.7,414891
STRTECH,2017-07-03,146.7,149.9,146.3,149.0,188960
STRTECH,2017-07-04,148.65,149.5,146.5,146.85,213281
STRTECH,2017-07-05,146.75,165.85,146.3,156.7,1692293
STRTECH,2017-07-06,156.8,159.8,155.0,155.55,751980
STRTECH,2017-07-07,155.0,162.5,155.0,159.35,1344907
STRTECH,2017-07-10,159.0,163.0,158.4,160.0,163923
STRTECH,2017-07-11,160.15,162.5,159.6,161.15,846280
STRTECH,2017-07-12,161.95,162.5,158.05,160.5,373920
STRTECH,2017-07-13,161.0,162.3,160.05,160.65,253322
STRTECH,2017-07-14,163.2,164.3,159.4,160.35,540837
STRTECH,2017-07-17,161.45,162.3,159.0,159.2,267770
STRTECH,2017-07-18,158.95,160.2,157.75,158.5,295254
STRTECH,2017-07-19,159.3,174.8,159.3,172.25,7527612
STRTECH,2017-07-20,175.6,207.2,175.6,207.2,19273113
STRTECH,2017-07-21,210.4,247.4,202.7,222.4,26768225
STRTECH,2017-07-24,228.0,240.6,225.75,233.0,8270000
STRTECH,2017-07-25,235.05,235.8,214.7,215.8,4050446
STRTECH,2017-07-26,216.4,223.45,212.2,213.25,3355753
STRTECH,2017-07-27,214.9,217.25,206.6,208.15,2103799
STRTECH,2017-07-28,207.85,220.3,204.1,215.0,4761346
STRTECH,2017-07-31,216.4,218.65,210.1,211.3,1548063
STRTECH,2017-08-01,212.8,215.85,210.5,211.45,1110308
STRTECH,2017-08-02,212.7,221.9,212.0,221.55,2261793
STRTECH,2017-08-03,221.35,226.3,217.65,225.9,2152259
STRTECH,2017-08-04,226.1,227.45,218.75,220.8,857710
STRTECH,2017-08-07,221.0,241.8,217.4,241.8,2646479
STRTECH,2017-08-08,242.95,249.55,228.0,240.0,4304379
STRTECH,2017-08-09,237.0,239.4,227.25,229.4,1377923
STRTECH,2017-08-10,226.0,229.25,208.1,217.0,1278016
STRTECH,2017-08-11,208.8,221.0,193.6,218.0,3392377
STRTECH,2017-08-14,222.2,226.7,218.3,219.0,630415
STRTECH,2017-08-16,221.85,230.5,220.4,226.5,1008586
STRTECH,2017-08-17,226.5,232.8,226.0,227.05,734945
STRTECH,2017-08-18,223.95,226.5,220.0,223.05,642844
STRTECH,2017-08-21,224.9,226.0,212.1,216.75,785951
STRTECH,2017-08-22,218.25,220.05,210.55,213.5,761972
STRTECH,2017-08-23,215.35,222.95,214.05,215.5,1015592
STRTECH,2017-08-24,217.4,221.0,216.1,217.05,502879
STRTECH,2017-08-28,218.9,225.15,217.25,223.5,951599
STRTECH,2017-08-29,223.5,223.5,215.1,216.45,621136
STRTECH,2017-08-30,219.0,221.25,218.25,219.0,449001
STRTECH,2017-08-31,221.0,223.0,217.25,221.0,542994
STRTECH,2017-09-01,222.6,238.0,221.15,231.6,2223890
STRTECH,2017-09-04,232.15,239.55,226.55,231.4,1931054
STRTECH,2017-09-05,233.9,238.9,227.0,235.25,975192
STRTECH,2017-09-06,232.0,237.9,230.0,236.0,873885
STRTECH,2017-09-07,236.6,243.8,232.05,233.05,1227022
STRTECH,2017-09-08,234.65,237.85,224.95,231.0,751481
STRTECH,2017-09-11,234.1,234.45,225.6,225.95,929721
STRTECH,2017-09-12,227.4,233.0,222.4,228.7,1418261
STRTECH,2017-09-13,229.6,231.05,225.0,226.3,550766
STRTECH,2017-09-14,226.75,230.7,225.6,227.5,636910
STRTECH,2017-09-15,226.55,227.35,215.0,218.5,1821524
STRTECH,2017-09-18,220.7,227.25,220.4,223.0,839707
STRTECH,2017-09-19,224.0,244.95,221.2,235.4,5342162
STRTECH,2017-09-20,236.95,240.3,231.8,233.6,1587198
STRTECH,2017-09-21,235.0,235.95,224.7,234.0,933137
STRTECH,2017-09-22,231.7,231.7,223.8,224.0,1063814
STRTECH,2017-09-25,225.0,225.0,212.65,221.65,697420
STRTECH,2017-09-26,223.0,230.0,220.0,230.0,778081
STRTECH,2017-09-27,230.4,236.65,225.05,225.3,1226184
STRTECH,2017-09-28,227.4,229.65,221.1,224.0,999103
STRTECH,2017-09-29,226.0,229.45,222.0,223.5,913151
STRTECH,2017-10-03,226.45,227.7,221.5,223.3,709195
STRTECH,2017-10-04,223.8,229.15,221.7,222.45,1169181
STRTECH,2017-10-05,223.75,228.0,220.25,221.7,1492589
STRTECH,2017-10-06,223.0,226.3,220.5,221.5,935806
STRTECH,2017-10-09,223.9,226.6,221.05,222.05,765122
STRTECH,2017-10-10,223.5,248.0,223.1,244.8,5442129
STRTECH,2017-10-11,246.9,268.0,243.0,259.9,8553614
STRTECH,2017-10-12,262.3,274.5,258.6,274.35,5498846
STRTECH,2017-10-13,274.6,275.9,263.5,269.25,2663537
STRTECH,2017-10-16,271.0,278.0,260.05,263.05,5404320
STRTECH,2017-10-17,265.0,267.9,258.25,262.3,1892950
STRTECH,2017-10-18,262.5,263.0,253.6,257.0,1494116
STRTECH,2017-10-19,258.0,261.2,254.45,255.8,412807
STRTECH,2017-10-23,259.0,263.5,255.0,261.55,1001697
STRTECH,2017-10-24,261.9,271.6,260.0,267.0,2048003
STRTECH,2017-10-25,268.95,269.45,261.6,265.0,835875
STRTECH,2017-10-26,265.95,271.9,261.1,267.5,1344916
STRTECH,2017-10-27,269.05,275.6,266.1,267.4,1169194
STRTECH,2017-10-30,268.45,275.0,268.0,274.4,1252451
STRTECH,2017-10-31,273.6,287.7,273.2,286.5,2964755
STRTECH,2017-11-01,288.5,307.0,287.0,293.0,4408393
STRTECH,2017-11-02,294.75,297.45,282.05,283.0,1884826
STRTECH,2017-11-03,285.45,285.45,275.0,275.1,1487459
STRTECH,2017-11-06,275.0,277.4,261.5,264.3,1453268
STRTECH,2017-11-07,266.7,282.9,265.0,275.85,2682955
STRTECH,2017-11-08,276.1,283.9,272.05,275.0,1293772
STRTECH,2017-11-09,276.9,293.7,274.5,291.0,2086153
STRTECH,2017-11-10,289.95,293.0,281.0,285.45,1119791
STRTECH,2017-11-13,287.3,293.75,269.3,279.3,1975872
STRTECH,2017-11-14,280.3,281.25,266.65,268.7,1204555
STRTECH,2017-11-15,266.0,273.95,262.9,264.4,1116074
STRTECH,2017-11-16,263.1,268.4,261.0,261.8,1460869
STRTECH,2017-11-17,265.55,269.45,261.6,262.8,1027410
STRTECH,2017-11-20,263.75,269.7,263.0,268.5,972152
STRTECH,2017-11-21,269.95,273.4,267.0,267.5,854970
STRTECH,2017-11-22,269.75,273.95,265.55,269.0,1327453
STRTECH,2017-11-23,270.0,272.3,263.1,266.15,587728
STRTECH,2017-11-24,268.0,271.9,266.25,270.0,681645
STRTECH,2017-11-27,269.5,273.15,267.9,270.4,711730
STRTECH,2017-11-28,271.0,272.45,268.0,268.65,543286
STRTECH,2017-11-29,269.4,270.5,265.0,265.35,341940
STRTECH,2017-11-30,264.7,280.0,262.0,278.1,1228324
STRTECH,2017-12-01,278.2,285.8,268.55,269.0,1870449
STRTECH,2017-12-04,271.0,273.35,266.5,268.0,463333
STRTECH,2017-12-05,267.0,278.0,264.35,277.5,1271856
STRTECH,2017-12-06,275.45,281.85,272.35,274.65,978070
STRTECH,2017-12-07,276.8,283.65,275.1,280.15,1024902
STRTECH,2017-12-08,282.0,294.45,281.6,292.8,1981795
STRTECH,2017-12-11,294.1,297.4,285.0,287.7,1014426
STRTECH,2017-12-12,287.8,288.0,278.5,281.9,431487
STRTECH,2017-12-13,281.9,297.9,280.3,296.95,2778701
STRTECH,2017-12-14,300.0,309.3,295.3,299.9,3729726
STRTECH,2017-12-15,302.6,304.0,296.0,297.95,730300
STRTECH,2017-12-18,295.0,304.0,253.3,295.0,1147613
STRTECH,2017-12-19,298.9,303.4,296.05,297.35,768690
STRTECH,2017-12-20,299.0,300.4,292.0,293.75,470197
STRTECH,2017-12-21,295.0,295.3,291.25,291.65,307518
STRTECH,2017-12-22,292.95,296.3,290.05,290.05,399749
STRTECH,2017-12-26,291.55,301.0,288.5,297.8,817826
STRTECH,2017-12-27,296.75,301.0,291.65,294.25,608895
STRTECH,2017-12-28,295.45,295.45,290.0,292.3,428717
STRTECH,2017-12-29,293.0,294.85,291.4,292.6,323745
STRTECH,2018-01-01,294.0,297.95,292.0,295.8,379504
STRTECH,2018-01-02,296.9,296.9,289.1,291.7,452656
STRTECH,2018-01-03,292.85,310.0,292.1,304.9,2280613
STRTECH,2018-01-04,306.5,341.9,306.35,335.5,4810812
STRTECH,2018-01-05,335.4,354.0,330.0,338.95,4474092
STRTECH,2018-01-08,342.0,350.75,338.0,348.05,1634668
STRTECH,2018-01-09,347.85,348.0,334.5,338.35,1127215
STRTECH,2018-01-10,338.7,370.0,335.0,361.0,5105181
STRTECH,2018-01-11,361.3,382.95,354.35,359.9,4112227
STRTECH,2018-01-12,361.1,369.0,352.0,359.6,1474560
STRTECH,2018-01-15,363.0,374.8,361.5,372.7,1512049
STRTECH,2018-01-16,373.05,376.7,361.0,364.0,1709717
STRTECH,2018-01-17,364.45,387.4,343.0,381.5,6650233
STRTECH,2018-01-18,384.8,405.0,374.15,388.9,7292711
STRTECH,2018-01-19,390.0,390.8,372.3,375.8,1803769
STRTECH,2018-01-22,376.45,377.45,365.05,367.95,812693
STRTECH,2018-01-23,368.4,398.8,367.05,395.3,3115216
STRTECH,2018-01-24,391.3,415.0,386.55,407.5,4243902
STRTECH,2018-01-25,408.0,410.25,390.0,394.0,1394149
STRTECH,2018-01-29,394.8,395.0,380.9,385.6,1034352
STRTECH,2018-01-30,385.9,385.9,363.15,364.0,1235787
STRTECH,2018-01-31,363.0,381.0,354.5,359.55,1786330
STRTECH,2018-02-01,362.8,378.0,360.05,374.75,2028393
STRTECH,2018-02-02,367.7,379.1,347.9,350.0,2355394
STRTECH,2018-02-05,338.0,338.9,300.5,324.9,5830195
STRTECH,2018-02-06,294.0,327.0,292.25,319.55,2928071
STRTECH,2018-02-07,328.5,339.35,328.0,332.75,2275885
STRTECH,2018-02-08,337.0,348.2,328.95,332.35,2344504
STRTECH,2018-02-09,323.7,348.55,322.7,346.15,2204422
STRTECH,2018-02-12,350.0,359.85,349.4,355.95,1140928
STRTECH,2018-02-14,359.5,363.55,355.0,355.8,937560
STRTECH,2018-02-15,360.0,361.0,352.0,355.6,997144
STRTECH,2018-02-16,355.55,363.75,343.6,348.5,1154431
STRTECH,2018-02-19,347.85,349.35,332.9,344.0,944710
STRTECH,2018-02-20,346.8,355.65,340.55,342.55,718498
STRTECH,2018-02-21,345.75,348.45,333.2,334.4,844839
STRTECH,2018-02-22,332.0,341.55,331.6,334.5,717183
STRTECH,2018-02-23,337.35,346.0,337.0,344.25,1128377
STRTECH,2018-02-26,354.8,378.85,352.25,365.5,3871773
STRTECH,2018-02-27,367.9,371.0,357.05,358.75,1492821
STRTECH,2018-02-28,353.0,360.7,347.25,358.95,1071458
STRTECH,2018-03-01,358.95,367.0,354.5,358.6,1113954
STRTECH,2018-03-05,358.45,358.45,347.3,348.0,1493733
STRTECH,2018-03-06,352.5,358.75,345.95,348.4,1042030
STRTECH,2018-03-07,347.4,349.4,340.0,343.2,918015
STRTECH,2018-03-08,346.3,347.45,332.6,335.9,859046
STRTECH,2018-03-09,339.0,344.9,333.7,341.0,801359
STRTECH,2018-03-12,342.0,344.9,334.85,340.9,906285
STRTECH,2018-03-13,342.0,353.45,340.2,348.35,1263563
STRTECH,2018-03-14,346.0,346.5,337.0,338.6,821995
STRTECH,2018-03-15,339.0,342.8,332.3,332.85,1258444
STRTECH,2018-03-16,334.7,340.0,329.05,337.5,3561779
STRTECH,2018-03-19,338.0,338.15,315.75,316.7,1047999
STRTECH,2018-03-20,315.0,319.9,310.25,315.95,1081247
STRTECH,2018-03-21,317.65,329.95,317.65,323.9,1835453
STRTECH,2018-03-22,326.95,329.35,318.5,320.0,848065
STRTECH,2018-03-23,307.0,318.7,307.0,313.9,1515159
STRTECH,2018-03-26,315.0,321.0,309.5,317.8,939199
STRTECH,2018-03-27,323.8,324.8,316.0,317.0,607262
STRTECH,2018-03-28,315.95,318.15,310.0,312.9,788986
STRTECH,2018-04-02,315.75,329.2,315.0,328.5,788056
STRTECH,2018-04-03,328.0,328.95,318.0,323.7,1032955
STRTECH,2018-04-04,324.85,335.8,320.8,324.5,2012648
STRTECH,2018-04-05,330.1,344.0,330.1,337.45,2246631
STRTECH,2018-04-06,339.65,339.65,328.6,330.75,1034036
STRTECH,2018-04-09,333.1,337.0,330.0,331.9,601703
STRTECH,2018-04-10,333.7,334.4,327.0,329.5,777289
STRTECH,2018-04-11,329.7,333.6,321.1,331.4,1321397
STRTECH,2018-04-12,332.0,336.0,325.0,325.45,1365936
STRTECH,2018-04-13,327.7,329.1,318.8,320.35,1400124
STRTECH,2018-04-16,317.65,324.95,315.35,317.9,1058772
STRTECH,2018-04-17,320.5,334.0,318.5,330.05,2365549
STRTECH,2018-04-18,334.0,335.25,322.25,326.1,1111825
STRTECH,2018-04-19,327.9,327.9,321.25,322.55,901073
STRTECH,2018-04-20,323.0,342.0,323.0,340.1,3757543
STRTECH,2018-04-23,342.0,355.9,342.0,352.7,2997022
STRTECH,2018-04-24,354.8,358.95,350.1,355.1,2074134
STRTECH,2018-04-25,355.0,365.0,332.0,336.0,5537435
STRTECH,2018-04-26,342.0,351.8,338.35,342.7,2359314
STRTECH,2018-04-27,343.9,345.75,335.0,342.9,1465856
STRTECH,2018-04-30,344.7,354.9,344.0,352.4,1898856
STRTECH,2018-05-02,354.0,358.0,342.55,348.0,1426160
STRTECH,2018-05-03,343.8,346.9,338.55,343.75,669123
STRTECH,2018-05-04,344.9,351.05,336.2,337.5,738358
STRTECH,2018-05-07,338.5,344.8,337.0,340.4,788044
STRTECH,2018-05-08,340.5,341.95,333.95,336.5,698843
STRTECH,2018-05-09,335.8,336.0,328.0,329.75,595365
STRTECH,2018-05-10,330.0,334.9,314.65,321.0,1187503
STRTECH,2018-05-11,322.5,326.35,319.0,325.0,544301
STRTECH,2018-05-14,325.0,327.75,317.5,318.8,417571
STRTECH,2018-05-15,317.0,323.95,314.0,315.65,599277
STRTECH,2018-05-16,314.9,319.5,310.5,316.9,458335
STRTECH,2018-05-17,317.0,327.85,315.4,326.3,737082
STRTECH,2018-05-18,326.75,326.9,315.0,317.0,569574
STRTECH,2018-05-21,316.65,316.95,305.0,307.0,511874
STRTECH,2018-05-22,307.0,314.55,301.35,309.55,573463
STRTECH,2018-05-23,307.85,311.4,302.0,310.5,755768
STRTECH,2018-05-24,311.0,312.65,303.3,304.95,400785
STRTECH,2018-05-25,304.05,321.8,303.1,318.55,1169308
STRTECH,2018-05-28,319.0,324.2,315.0,322.8,570854
STRTECH,2018-05-29,318.35,324.9,310.4,322.85,962607
STRTECH,2018-05-30,319.0,329.9,316.0,328.55,994227
STRTECH,2018-05-31,329.35,332.5,323.3,329.45,716023
STRTECH,2018-06-01,330.5,332.45,320.5,320.55,533868
STRTECH,2018-06-04,322.7,323.65,306.5,307.35,526880
STRTECH,2018-06-05,308.15,308.4,280.0,280.25,1720336
STRTECH,2018-06-06,276.0,287.7,255.4,281.9,2425133
STRTECH,2018-06-07,290.0,308.8,283.0,307.95,3617141
STRTECH,2018-06-08,303.7,304.4,295.55,300.05,1149849
STRTECH,2018-06-11,301.0,306.0,295.95,297.3,742401
STRTECH,2018-06-12,297.15,312.0,294.5,302.6,3479183
STRTECH,2018-06-13,305.4,314.0,300.1,301.1,2303453
STRTECH,2018-06-14,301.0,301.5,294.0,296.95,762273
STRTECH,2018-06-15,299.7,304.9,295.0,296.95,2379444
STRTECH,2018-06-18,297.4,297.55,285.05,287.4,728760
STRTECH,2018-06-19,286.0,294.4,283.0,290.0,1770932
STRTECH,2018-06-20,291.0,292.5,283.1,285.1,762220
STRTECH,2018-06-21,287.8,287.8,276.25,277.5,653959
STRTECH,2018-06-22,277.25,283.75,276.25,280.1,625183
STRTECH,2018-06-25,279.0,283.5,275.0,275.1,413189
STRTECH,2018-06-26,276.3,280.4,273.35,278.15,506623
STRTECH,2018-06-27,278.95,282.9,268.1,270.0,784103
STRTECH,2018-06-28,272.5,272.9,265.0,267.5,1085031
STRTECH,2018-06-29,271.0,279.0,271.0,275.05,756001
STRTECH,2018-07-02,278.1,278.7,266.55,270.55,643403
STRTECH,2018-07-03,271.85,274.0,265.0,267.5,518909
STRTECH,2018-07-04,267.05,270.25,261.1,261.9,724117
STRTECH,2018-07-05,265.85,269.4,262.3,265.6,933083
STRTECH,2018-07-06,265.5,293.0,263.05,287.85,2780782
STRTECH,2018-07-09,297.0,319.7,296.3,315.2,6709259
STRTECH,2018-07-10,317.8,337.7,317.0,328.1,5500359
STRTECH,2018-07-11,329.35,332.0,306.1,308.1,2461044
STRTECH,2018-07-12,311.0,316.5,302.5,309.1,1482757
STRTECH,2018-07-13,310.0,310.8,298.0,299.0,1245029
STRTECH,2018-07-16,301.0,301.0,288.65,289.0,988195
STRTECH,2018-07-17,290.7,314.4,286.4,310.25,2427947
STRTECH,2018-07-18,312.95,319.0,307.0,314.75,2140769
STRTECH,2018-07-19,315.25,316.95,296.2,300.1,2961197
STRTECH,2018-07-20,301.8,333.85,301.8,330.15,6693789
STRTECH,2018-07-23,334.9,344.8,325.5,344.05,2880491
STRTECH,2018-07-24,344.95,352.5,344.05,346.55,1817649
STRTECH,2018-07-25,347.0,348.6,336.1,338.35,933896
STRTECH,2018-07-26,335.0,338.75,328.0,332.4,774323
STRTECH,2018-07-27,333.35,347.6,333.35,343.0,1160207
STRTECH,2018-07-30,344.75,348.7,340.65,343.0,912450
STRTECH,2018-07-31,343.5,355.65,340.4,343.8,2317616
STRTECH,2018-08-01,345.05,346.0,335.0,335.6,921896
STRTECH,2018-08-02,337.0,343.5,331.25,338.65,809908
STRTECH,2018-08-03,340.9,343.5,337.75,338.3,500465
STRTECH,2018-08-06,340.4,342.8,336.0,337.1,472347
STRTECH,2018-08-07,338.6,349.0,332.1,341.7,852866
STRTECH,2018-08-08,343.0,363.5,340.0,362.0,3857488
STRTECH,2018-08-09,366.0,374.7,358.0,366.1,3475971
STRTECH,2018-08-10,367.0,368.9,358.75,362.25,1308727
STRTECH,2018-08-13,358.5,362.1,348.65,355.6,1200487
STRTECH,2018-08-14,356.6,365.0,356.6,361.5,976179
STRTECH,2018-08-16,359.3,366.6,358.95,362.5,631960
STRTECH,2018-08-17,362.9,365.9,359.15,360.55,633206
STRTECH,2018-08-20,362.9,365.7,357.05,360.9,467548
STRTECH,2018-08-21,360.55,362.8,351.0,357.4,831765
STRTECH,2018-08-23,360.0,362.9,352.0,352.6,555613
STRTECH,2018-08-24,352.0,355.6,344.25,345.7,598554
STRTECH,2018-08-27,349.9,353.4,346.0,346.15,408992
STRTECH,2018-08-28,347.2,368.7,347.2,367.3,2191215
STRTECH,2018-08-29,368.75,373.65,361.1,365.0,1373054
STRTECH,2018-08-30,365.9,366.65,352.5,356.1,833006
STRTECH,2018-08-31,356.5,366.0,353.9,362.6,756274
STRTECH,2018-09-03,365.9,368.75,359.05,361.75,703873
STRTECH,2018-09-04,361.95,361.95,349.0,354.75,686372
STRTECH,2018-09-05,355.9,358.45,337.1,348.8,1140388
STRTECH,2018-09-06,349.8,355.0,345.0,350.0,826848
STRTECH,2018-09-07,350.6,360.5,345.85,353.9,1171825
STRTECH,2018-09-10,352.8,355.9,348.45,350.0,512223
STRTECH,2018-09-11,350.8,351.25,340.0,340.05,690460
STRTECH,2018-09-12,340.1,340.85,323.25,331.0,1721484
STRTECH,2018-09-14,332.3,342.7,332.3,335.0,972042
STRTECH,2018-09-17,338.8,345.95,338.75,342.0,1117407
STRTECH,2018-09-18,343.75,348.0,339.2,343.4,643308
STRTECH,2018-09-19,343.6,345.75,336.75,342.15,649396
STRTECH,2018-09-21,345.2,345.8,301.0,325.0,1033378
STRTECH,2018-09-24,326.05,327.95,316.7,320.2,635150
STRTECH,2018-09-25,318.5,329.8,315.0,322.5,584517
STRTECH,2018-09-26,325.75,332.0,320.35,330.6,756760
STRTECH,2018-09-27,331.1,336.65,316.4,318.1,705594
STRTECH,2018-09-28,320.95,323.25,289.0,290.8,1280931
STRTECH,2018-10-01,290.0,299.7,275.0,299.0,1434399
STRTECH,2018-10-03,298.4,309.4,286.1,303.3,828690
STRTECH,2018-10-04,299.0,307.6,291.35,299.0,973401
STRTECH,2018-10-05,300.9,304.9,290.0,290.9,498575
STRTECH,2018-10-08,290.8,295.0,275.55,281.0,1256765
STRTECH,2018-10-09,283.85,289.75,278.15,284.0,614663
STRTECH,2018-10-10,285.25,309.4,282.0,308.65,928148
STRTECH,2018-10-11,292.0,305.65,280.0,298.0,650344
STRTECH,2018-10-12,303.05,321.9,303.05,314.75,1092920
STRTECH,2018-10-15,315.05,320.9,312.45,317.5,660176
STRTECH,2018-10-16,321.25,340.4,319.95,337.0,1779944
STRTECH,2018-10-17,342.0,352.5,330.8,332.95,1492959
STRTECH,2018-10-19,328.0,330.0,321.0,327.2,734101
STRTECH,2018-10-22,330.4,334.5,325.0,328.45,601278
STRTECH,2018-10-23,324.0,330.9,317.0,319.6,947875
STRTECH,2018-10-24,323.05,329.0,318.9,324.85,1491074
STRTECH,2018-10-25,321.0,331.5,318.1,326.7,1202657
STRTECH,2018-10-26,325.7,348.8,323.5,345.15,1851311
STRTECH,2018-10-29,348.95,370.45,344.1,370.0,2439672
STRTECH,2018-10-30,369.7,396.5,366.15,372.0,4289990
STRTECH,2018-10-31,372.4,384.25,370.0,382.0,1383925
STRTECH,2018-11-01,383.9,399.9,383.85,390.55,2421442
STRTECH,2018-11-02,391.0,396.0,372.1,374.75,1461653
STRTECH,2018-11-05,374.0,374.0,361.05,364.45,983273
STRTECH,2018-11-06,367.0,381.85,366.5,377.0,1943418
STRTECH,2018-11-07,379.65,383.7,378.1,379.7,371504
STRTECH,2018-11-09,379.85,389.5,377.1,384.95,921879
STRTECH,2018-11-12,387.2,387.35,375.0,377.7,416372
STRTECH,2018-11-13,372.0,375.95,365.0,368.8,584648
STRTECH,2018-11-14,370.9,372.4,362.55,363.0,460336
STRTECH,2018-11-15,364.1,368.75,360.0,363.75,572446
STRTECH,2018-11-16,366.25,366.25,352.05,356.95,862752
STRTECH,2018-11-19,356.9,356.9,345.6,348.0,609521
STRTECH,2018-11-20,346.2,354.9,340.0,340.65,745034
STRTECH,2018-11-21,341.0,351.7,338.65,350.0,816414
STRTECH,2018-11-22,352.0,352.4,340.0,340.7,553346
STRTECH,2018-11-26,342.6,344.4,332.0,334.85,570957
STRTECH,2018-11-27,335.65,346.4,334.85,344.75,644181
STRTECH,2018-11-28,345.75,351.5,338.2,342.45,886322
STRTECH,2018-11-29,345.0,348.25,340.5,342.9,452039
STRTECH,2018-11-30,343.4,353.0,340.3,352.9,784264
STRTECH,2018-12-03,352.0,356.2,340.0,340.95,671549
STRTECH,2018-12-04,340.95,342.05,335.0,335.3,466765
STRTECH,2018-12-05,334.7,334.7,321.1,325.4,852599
STRTECH,2018-12-06,321.9,321.9,307.6,308.3,1037371
STRTECH,2018-12-07,310.05,314.0,297.0,299.8,1022336
STRTECH,2018-12-10,295.0,295.0,282.3,282.8,1353955
STRTECH,2018-12-11,278.0,289.45,278.0,284.9,1834801
STRTECH,2018-12-12,287.85,294.0,285.75,291.9,2328903
STRTECH,2018-12-13,293.9,299.0,291.25,291.85,2779645
STRTECH,2018-12-14,292.0,293.0,286.25,289.0,877130
STRTECH,2018-12-17,291.75,292.85,285.15,286.7,1041029
STRTECH,2018-12-18,289.7,306.9,287.2,299.95,5128074
STRTECH,2018-12-19,302.5,307.8,299.2,300.0,2798527
STRTECH,2018-12-20,302.0,302.0,296.5,296.7,1035834
STRTECH,2018-12-21,298.85,298.85,285.0,287.05,1917143
STRTECH,2018-12-24,287.7,291.45,282.5,284.1,1013082
STRTECH,2018-12-26,284.1,288.9,277.05,285.75,1336867
STRTECH,2018-12-27,287.95,289.45,283.5,283.9,891573
STRTECH,2018-12-28,288.0,293.55,285.5,289.5,1212299
STRTECH,2018-12-31,291.0,296.0,290.0,293.65,1024054
STRTECH,2019-01-01,296.0,300.85,295.0,296.0,1188139
STRTECH,2019-01-02,295.0,299.45,292.0,294.05,1002677
STRTECH,2019-01-03,294.0,296.9,289.0,290.0,878833
STRTECH,2019-01-04,293.0,294.0,285.25,286.0,1042094
STRTECH,2019-01-07,289.0,293.25,284.0,285.0,961072
STRTECH,2019-01-08,286.5,290.75,284.45,285.75,843336
STRTECH,2019-01-09,288.7,289.5,286.0,288.0,967451
STRTECH,2019-01-10,288.05,294.65,287.15,290.9,1555948
STRTECH,2019-01-11,291.75,294.95,291.7,293.0,1194999
STRTECH,2019-01-14,293.95,294.05,288.6,289.8,490869
STRTECH,2019-01-15,291.75,294.0,289.25,290.85,636305
STRTECH,2019-01-16,292.4,294.1,285.45,286.0,733373
STRTECH,2019-01-17,288.0,292.2,283.55,288.55,1010548
STRTECH,2019-01-18,290.9,298.0,288.5,292.3,1728774
STRTECH,2019-01-21,292.85,297.9,291.35,297.7,1517323
STRTECH,2019-01-22,297.85,301.85,294.5,295.6,1246177
STRTECH,2019-01-23,296.45,300.1,289.0,292.6,974429
STRTECH,2019-01-24,294.35,299.45,288.0,291.4,2896350
STRTECH,2019-01-25,292.9,296.8,281.45,284.1,1278136
STRTECH,2019-01-28,284.0,284.0,260.0,262.25,2365989
STRTECH,2019-01-29,261.2,263.25,239.5,252.0,1922659
STRTECH,2019-01-30,253.7,259.0,248.5,252.6,1251620
STRTECH,2019-01-31,253.0,255.65,244.5,245.0,1040780
STRTECH,2019-02-01,247.55,247.55,206.85,225.0,6895858
STRTECH,2019-02-04,226.0,234.75,208.0,226.0,3622373
STRTECH,2019-02-05,226.0,226.5,215.1,218.25,1622377
STRTECH,2019-02-06,222.0,222.05,210.6,218.9,1268914
STRTECH,2019-02-07,216.3,236.7,214.05,233.7,2083381
STRTECH,2019-02-08,234.7,243.4,223.55,228.55,2236338
STRTECH,2019-02-11,229.45,232.7,219.1,219.85,1160815
STRTECH,2019-02-12,219.7,222.5,215.1,215.9,894033
STRTECH,2019-02-13,216.7,221.5,212.05,214.45,1417874
STRTECH,2019-02-14,214.2,221.0,212.0,221.0,1394971
STRTECH,2019-02-15,220.8,223.6,213.5,213.9,1312151
STRTECH,2019-02-18,210.25,223.0,210.25,219.4,1085175
STRTECH,2019-02-19,220.0,234.9,219.4,233.2,1938310
STRTECH,2019-02-20,233.85,239.9,233.85,237.5,1106987
STRTECH,2019-02-21,238.45,248.5,236.15,245.5,1347674
STRTECH,2019-02-22,245.45,249.4,242.15,244.25,970080
STRTECH,2019-02-25,245.4,251.9,243.4,248.5,723825
STRTECH,2019-02-26,242.95,246.0,237.1,243.15,1056967
STRTECH,2019-02-27,245.0,248.7,230.35,236.05,1169812
STRTECH,2019-02-28,239.4,243.65,238.0,241.5,655910
STRTECH,2019-03-01,243.1,247.7,241.6,247.0,652494
STRTECH,2019-03-05,249.0,269.9,248.4,268.05,2054624
STRTECH,2019-03-06,270.7,277.6,257.65,260.7,1557832
STRTECH,2019-03-07,261.8,270.6,256.5,268.65,1715007
STRTECH,2019-03-08,268.55,275.0,266.15,269.7,1466645
STRTECH,2019-03-11,270.5,276.4,269.0,271.5,774642
STRTECH,2019-03-12,273.8,279.7,273.4,278.0,1106129
STRTECH,2019-03-13,279.1,279.8,266.1,266.5,977546
STRTECH,2019-03-14,266.5,268.3,257.0,257.5,1882487
STRTECH,2019-03-15,258.8,258.8,229.0,230.0,7377147
STRTECH,2019-03-18,230.0,234.45,215.65,219.45,6743250
STRTECH,2019-03-19,220.0,225.7,218.0,220.75,3114878
STRTECH,2019-03-20,221.95,230.8,221.0,224.6,3657361
STRTECH,2019-03-22,225.3,229.7,221.2,222.75,1565269
STRTECH,2019-03-25,221.0,221.0,217.2,217.6,848909
STRTECH,2019-03-26,219.7,222.9,218.05,219.7,1078748
STRTECH,2019-03-27,221.1,221.9,217.55,219.0,1042348
STRTECH,2019-03-28,220.55,222.45,218.15,220.0,944915
STRTECH,2019-03-29,221.5,221.7,217.5,218.4,951648
STRTECH,2019-04-01,220.0,229.0,219.7,224.5,1918667
STRTECH,2019-04-02,225.8,225.9,220.5,221.6,1093973
STRTECH,2019-04-03,221.8,222.4,217.55,220.2,1465767
STRTECH,2019-04-04,220.0,220.9,215.15,216.75,903561
STRTECH,2019-04-05,217.9,219.45,217.0,218.7,521600
STRTECH,2019-04-08,219.25,219.5,215.0,216.0,692166
STRTECH,2019-04-09,215.9,215.9,188.7,207.1,10345272
STRTECH,2019-04-10,207.4,208.15,197.5,200.45,4378728
STRTECH,2019-04-11,201.2,207.25,200.3,201.5,2260491
STRTECH,2019-04-12,205.0,206.2,200.3,200.8,1818213
STRTECH,2019-04-15,202.6,203.4,196.1,196.8,1579832
STRTECH,2019-04-16,198.35,201.0,192.9,193.7,1883989
STRTECH,2019-04-18,195.2,199.45,194.0,196.4,1664450
STRTECH,2019-04-22,196.75,203.95,194.2,202.2,2394606
STRTECH,2019-04-23,203.0,210.0,203.0,207.5,2586046
STRTECH,2019-04-24,216.0,217.0,192.05,193.3,11548677
STRTECH,2019-04-25,194.4,197.25,190.2,191.45,3492999
STRTECH,2019-04-26,192.1,199.6,180.2,198.6,18303787
STRTECH,2019-04-30,199.0,201.7,188.0,190.0,2655890
STRTECH,2019-05-02,189.7,194.0,185.55,189.75,1891974
STRTECH,2019-05-03,190.75,196.0,189.6,192.05,1839295
STRTECH,2019-05-06,189.9,192.85,187.15,191.35,1541459
STRTECH,2019-05-07,200.0,204.4,191.65,193.5,3860903
STRTECH,2019-05-08,191.0,196.0,182.6,183.9,3110476
STRTECH,2019-05-09,183.9,186.9,183.5,185.5,1070215
STRTECH,2019-05-10,186.0,186.9,182.0,182.35,857986
STRTECH,2019-05-13,182.35,183.95,178.0,178.9,1029274
STRTECH,2019-05-14,179.0,179.5,164.2,165.0,4087793
STRTECH,2019-05-15,167.2,171.6,165.25,166.35,2421537
STRTECH,2019-05-16,167.25,170.25,163.5,166.95,1842989
STRTECH,2019-05-17,166.8,169.6,165.55,167.15,865540
STRTECH,2019-05-20,175.0,176.95,167.6,168.0,1738939
STRTECH,2019-05-21,169.65,169.65,163.2,164.25,921204
STRTECH,2019-05-22,165.4,165.7,159.5,161.4,1970568
STRTECH,2019-05-23,163.0,165.95,146.55,148.75,5184530
STRTECH,2019-05-24,152.0,174.0,143.8,167.45,11835237
STRTECH,2019-05-27,168.1,177.6,168.0,175.0,6939528
STRTECH,2019-05-28,176.4,180.0,171.15,174.05,3571567
STRTECH,2019-05-29,173.55,178.2,170.15,174.4,2865267
STRTECH,2019-05-30,174.2,179.4,172.05,176.75,2250474
STRTECH,2019-05-31,177.5,181.5,170.95,174.0,3384414
STRTECH,2019-06-03,173.3,177.8,170.6,176.05,1963124
STRTECH,2019-06-04,175.8,177.7,172.75,174.15,1144751
STRTECH,2019-06-06,174.2,178.3,170.8,174.2,1662006
STRTECH,2019-06-07,174.0,174.75,168.5,170.6,962550
STRTECH,2019-06-10,172.65,175.1,169.8,175.1,983954
STRTECH,2019-06-11,190.0,194.4,183.0,191.85,13287507
STRTECH,2019-06-12,192.75,197.9,191.85,195.85,4365129
STRTECH,2019-06-13,195.5,195.5,184.35,185.7,2945113
STRTECH,2019-06-14,185.95,187.0,180.1,181.7,1385994
STRTECH,2019-06-17,181.65,185.5,180.0,182.0,1140093
STRTECH,2019-06-18,182.5,185.0,178.0,180.2,1124060
STRTECH,2019-06-19,181.8,181.85,172.2,175.5,1480398
STRTECH,2019-06-20,175.25,178.0,172.25,176.15,954683
STRTECH,2019-06-21,176.0,177.5,173.6,173.85,778923
STRTECH,2019-06-24,174.1,176.25,173.0,173.3,630146
STRTECH,2019-06-25,173.15,177.7,172.05,177.15,759764
STRTECH,2019-06-26,176.8,184.0,175.85,181.2,1178657
STRTECH,2019-06-27,181.7,184.0,179.5,181.0,645245
STRTECH,2019-06-28,181.7,181.7,175.0,175.2,691706
STRTECH,2019-07-01,176.05,177.5,168.35,171.9,1753502
STRTECH,2019-07-02,171.9,174.0,169.0,169.35,879077
STRTECH,2019-07-03,169.9,172.9,168.25,168.7,736185
STRTECH,2019-07-04,169.3,173.55,168.7,170.0,970765
STRTECH,2019-07-05,171.35,179.3,168.65,172.4,2579546
STRTECH,2019-07-08,171.25,171.75,160.6,162.2,1643688
STRTECH,2019-07-09,162.0,165.0,157.15,161.65,1031477
STRTECH,2019-07-10,161.7,164.0,159.05,162.55,876704
STRTECH,2019-07-11,163.0,164.25,159.0,163.5,919871
STRTECH,2019-07-12,164.0,167.5,162.25,164.0,1313434
STRTECH,2019-07-15,164.7,165.6,161.55,162.5,695616
STRTECH,2019-07-16,164.55,166.9,162.5,165.5,1279087
STRTECH,2019-07-17,166.0,170.7,165.05,168.5,1326136
STRTECH,2019-07-18,166.7,169.9,162.0,163.45,1303705
STRTECH,2019-07-19,165.9,172.3,160.0,166.15,3565751
STRTECH,2019-07-22,165.9,165.9,162.05,162.6,725120
STRTECH,2019-07-23,164.4,164.4,157.35,157.45,1012393
STRTECH,2019-07-24,158.85,158.85,148.5,149.25,1732593
STRTECH,2019-07-25,148.0,153.75,145.2,151.0,1759067
STRTECH,2019-07-26,151.1,158.35,149.5,157.25,1290046
STRTECH,2019-07-29,156.95,159.4,153.45,155.25,897004
STRTECH,2019-07-30,156.0,157.5,151.5,152.6,854990
STRTECH,2019-07-31,150.0,152.7,147.1,149.05,1145616
STRTECH,2019-08-01,149.0,151.8,146.5,149.4,825819
STRTECH,2019-08-02,146.0,152.0,146.0,151.7,838173
STRTECH,2019-08-05,149.85,151.5,147.05,150.0,732739
STRTECH,2019-08-06,149.0,154.0,148.5,149.25,1090138
STRTECH,2019-08-07,149.5,150.8,144.5,145.4,602474
STRTECH,2019-08-08,144.5,146.35,138.75,142.0,1042306
STRTECH,2019-08-09,143.15,147.5,138.3,139.5,1030405
STRTECH,2019-08-13,140.0,144.75,138.5,139.5,824583
STRTECH,2019-08-14,140.35,141.25,137.25,139.95,662120
STRTECH,2019-08-16,139.0,143.0,138.1,141.0,659519
STRTECH,2019-08-19,142.4,143.85,138.9,139.3,920660
STRTECH,2019-08-20,140.0,140.45,132.5,133.8,903592
STRTECH,2019-08-21,134.5,134.8,129.0,129.95,704553
STRTECH,2019-08-22,129.7,129.7,104.2,104.2,4471368
STRTECH,2019-08-23,102.9,122.0,96.6,118.0,6213335
STRTECH,2019-08-26,123.7,123.7,112.5,120.8,2725159
STRTECH,2019-08-27,122.0,129.25,121.1,126.65,2089888
STRTECH,2019-08-28,125.95,126.7,121.15,121.75,682895
STRTECH,2019-08-29,123.0,123.0,113.45,114.35,1210459
STRTECH,2019-08-30,115.7,119.8,112.5,113.6,1470887
STRTECH,2019-09-03,113.3,113.4,109.15,110.6,520580
STRTECH,2019-09-04,110.25,119.45,108.0,117.8,1389748
STRTECH,2019-09-05,118.0,118.9,114.05,114.9,901859
STRTECH,2019-09-06,115.5,124.65,115.2,123.15,2011597
STRTECH,2019-09-09,123.9,129.85,122.0,126.35,2782814
STRTECH,2019-09-11,127.7,138.75,126.5,136.75,2447213
STRTECH,2019-09-12,137.0,143.75,137.0,141.7,2233195
STRTECH,2019-09-13,142.4,145.0,138.1,142.6,1499672
STRTECH,2019-09-16,141.0,151.9,139.0,151.35,2800787
STRTECH,2019-09-17,151.7,158.85,148.05,150.4,3234090
STRTECH,2019-09-18,151.4,159.5,151.4,159.5,2712900
STRTECH,2019-09-19,159.45,160.4,151.1,152.7,2010691
STRTECH,2019-09-20,154.9,169.7,152.25,168.55,3787528
STRTECH,2019-09-23,171.1,180.0,171.1,177.45,2793208
STRTECH,2019-09-24,177.0,177.8,167.5,168.55,1642599
STRTECH,2019-09-25,168.2,168.2,154.75,155.0,2024255
STRTECH,2019-09-26,158.05,162.75,151.95,161.65,2937070
STRTECH,2019-09-27,160.4,164.6,158.55,162.55,1174046
STRTECH,2019-09-30,163.05,163.4,155.85,157.2,752624
STRTECH,2019-10-01,158.4,158.5,144.5,151.3,1037901
STRTECH,2019-10-03,149.5,154.6,145.85,149.35,737805
STRTECH,2019-10-04,149.55,152.0,144.4,146.25,655158
STRTECH,2019-10-07,147.0,147.55,140.6,141.75,550417
STRTECH,2019-10-09,141.7,144.35,136.15,142.25,953081
STRTECH,2019-10-10,142.2,146.9,141.5,143.8,775783
STRTECH,2019-10-11,145.2,146.8,141.7,142.2,558399
STRTECH,2019-10-14,143.45,143.8,137.0,138.8,1138475
STRTECH,2019-10-15,139.0,139.0,133.0,135.2,788941
STRTECH,2019-10-16,136.3,147.0,135.05,137.35,2296965
STRTECH,2019-10-17,137.8,143.7,137.25,140.8,1439044
STRTECH,2019-10-18,141.8,148.9,140.7,148.05,1403127
STRTECH,2019-10-22,148.0,160.95,148.0,157.45,2529180
STRTECH,2019-10-23,157.35,159.5,145.0,147.0,2520201
STRTECH,2019-10-24,148.25,149.25,143.05,146.25,995294
STRTECH,2019-10-25,142.65,142.65,118.65,125.35,6833183
STRTECH,2019-10-27,127.5,130.8,127.0,128.75,574125
STRTECH,2019-10-29,130.6,133.4,128.5,131.2,1678311
STRTECH,2019-10-30,132.3,136.35,131.8,132.4,1381571
STRTECH,2019-10-31,133.5,134.3,130.0,130.6,950811
STRTECH,2019-11-01,130.0,134.6,129.4,132.75,1009058
STRTECH,2019-11-04,133.55,136.35,133.0,134.2,1070794
STRTECH,2019-11-05,134.5,135.0,131.0,131.8,696537
STRTECH,2019-11-06,131.95,133.2,130.25,131.2,654523
STRTECH,2019-11-07,131.5,131.95,128.05,129.25,702974
STRTECH,2019-11-08,128.9,142.5,128.25,136.85,4035820
STRTECH,2019-11-11,136.1,137.8,132.9,133.8,1297696
STRTECH,2019-11-13,134.5,134.65,130.1,130.8,761751
STRTECH,2019-11-14,130.3,130.3,122.75,123.95,1721521
STRTECH,2019-11-15,124.1,128.5,123.55,124.45,1454563
STRTECH,2019-11-18,124.95,125.4,122.1,122.95,753292
STRTECH,2019-11-19,122.85,126.5,122.0,122.95,1047002
STRTECH,2019-11-20,123.45,125.4,122.4,123.0,770612
STRTECH,2019-11-21,123.45,124.25,120.0,120.55,876440
STRTECH,2019-11-22,120.6,125.4,120.35,124.35,1544178
STRTECH,2019-11-25,124.95,124.95,122.2,123.25,696771
STRTECH,2019-11-26,124.0,125.2,122.25,123.7,1156034
STRTECH,2019-11-27,123.6,124.4,122.25,122.4,583126
STRTECH,2019-11-28,122.7,125.7,122.15,123.2,869547
STRTECH,2019-11-29,123.2,128.5,122.5,124.0,2153932
STRTECH,2019-12-02,125.65,129.5,124.05,125.2,2771943
STRTECH,2019-12-03,125.4,125.4,121.5,122.25,770038
STRTECH,2019-12-04,121.5,123.25,120.6,122.5,593730
STRTECH,2019-12-05,122.95,125.1,122.15,122.45,821696
STRTECH,2019-12-06,123.7,125.65,121.5,122.85,933358
STRTECH,2019-12-09,123.4,123.4,117.7,118.8,1142612
STRTECH,2019-12-10,119.0,119.35,115.0,115.5,822588
STRTECH,2019-12-11,116.1,116.4,102.5,107.3,4059380
STRTECH,2019-12-12,107.0,119.9,107.0,119.1,5883589
STRTECH,2019-12-13,119.9,122.8,118.05,121.25,2110593
STRTECH,2019-12-16,121.15,121.8,114.25,114.9,2208704
STRTECH,2019-12-17,114.9,117.2,112.55,113.75,1332201
STRTECH,2019-12-18,113.7,115.6,111.35,111.95,1323042
STRTECH,2019-12-19,111.95,115.4,110.05,112.95,2506489
STRTECH,2019-12-20,113.4,114.0,112.0,112.35,1073192
STRTECH,2019-12-23,113.0,114.3,110.65,111.6,892576
STRTECH,2019-12-24,111.95,114.2,111.2,111.9,824989
STRTECH,2019-12-26,112.1,113.95,111.6,112.7,765267
STRTECH,2019-12-27,113.0,116.5,112.6,114.0,1295517
STRTECH,2019-12-30,114.75,115.95,113.35,114.35,821106
STRTECH,2019-12-31,115.6,121.4,115.6,118.2,4174234
STRTECH,2020-01-01,118.15,119.45,117.55,118.0,728404
STRTECH,2020-01-02,118.8,128.4,117.05,126.05,5326802
STRTECH,2020-01-03,126.5,134.4,126.3,128.8,5625588
STRTECH,2020-01-06,127.2,128.4,121.05,121.5,1748130
STRTECH,2020-01-07,124.0,126.6,121.5,122.85,1309313
STRTECH,2020-01-08,118.6,121.6,118.1,120.0,1348434
STRTECH,2020-01-09,123.0,126.25,122.0,124.0,1525925
STRTECH,2020-01-10,127.7,129.9,125.5,126.8,1967276
STRTECH,2020-01-13,127.9,128.95,125.25,128.0,1103129
STRTECH,2020-01-14,128.45,132.0,126.0,131.0,1705357
STRTECH,2020-01-15,131.9,134.3,129.4,130.5,3040204
STRTECH,2020-01-16,122.75,128.85,122.75,124.7,4170650
STRTECH,2020-01-17,125.0,136.35,123.1,134.0,5816696
STRTECH,2020-01-20,135.6,139.2,133.1,136.3,3017564
STRTECH,2020-01-21,135.0,137.6,130.25,131.4,1647911
STRTECH,2020-01-22,132.5,133.8,127.35,129.0,1316967
STRTECH,2020-01-23,129.7,133.9,129.1,133.0,1336355
STRTECH,2020-01-24,133.6,133.6,130.55,131.8,823513
STRTECH,2020-01-27,130.65,136.2,129.0,131.4,1686740
STRTECH,2020-01-28,132.65,133.7,128.0,129.4,1191338
STRTECH,2020-01-29,130.9,131.6,127.2,128.5,784216
STRTECH,2020-01-30,129.0,129.0,124.1,125.3,916735
STRTECH,2020-01-31,126.0,126.9,123.15,124.9,805455
STRTECH,2020-02-01,125.5,128.95,119.0,119.95,1880261
STRTECH,2020-02-03,119.7,122.4,116.6,118.55,1020843
STRTECH,2020-02-04,119.8,122.5,119.55,120.75,842868
STRTECH,2020-02-05,120.95,124.55,120.8,122.95,977841
STRTECH,2020-02-06,124.5,126.9,123.25,126.0,1100534
STRTECH,2020-02-07,125.9,125.9,121.65,123.5,752721
STRTECH,2020-02-10,123.75,124.75,120.6,121.5,671664
STRTECH,2020-02-11,122.15,124.25,120.5,122.2,641120
STRTECH,2020-02-12,122.95,123.65,117.4,118.65,1125406
STRTECH,2020-02-13,119.0,119.4,115.4,115.8,925517
STRTECH,2020-02-14,116.4,119.5,115.2,117.0,989878
STRTECH,2020-02-17,117.5,117.75,111.75,112.3,989574
STRTECH,2020-02-18,112.3,112.75,108.15,109.15,774817
STRTECH,2020-02-19,110.0,112.65,110.0,110.9,707964
STRTECH,2020-02-20,118.0,118.8,112.8,113.15,2959030
STRTECH,2020-02-24,113.0,113.0,108.0,108.65,971871
STRTECH,2020-02-25,109.0,110.65,106.15,106.95,909358
STRTECH,2020-02-26,106.85,107.3,102.15,102.8,1329539
STRTECH,2020-02-27,103.0,103.0,96.3,99.1,2569464
STRTECH,2020-02-28,95.0,95.3,91.2,91.75,1910679
STRTECH,2020-03-02,94.0,96.8,86.8,87.8,1490209
STRTECH,2020-03-03,88.7,93.8,87.2,92.85,1425582
STRTECH,2020-03-04,92.8,94.5,88.15,93.95,1456855
STRTECH,2020-03-05,93.7,94.8,91.6,93.15,760683
STRTECH,2020-03-06,88.5,91.55,85.7,90.3,1240427
STRTECH,2020-03-09,88.0,88.0,83.25,84.55,1247528
STRTECH,2020-03-11,84.55,86.9,81.3,83.65,1454391
STRTECH,2020-03-12,79.0,79.8,69.7,73.05,2807490
STRTECH,2020-03-13,62.0,79.5,58.65,74.1,2266067
STRTECH,2020-03-16,71.0,79.85,68.0,71.55,1730976
STRTECH,2020-03-17,71.6,74.8,69.55,71.0,1168507
STRTECH,2020-03-18,72.5,73.8,65.2,67.5,1445461
STRTECH,2020-03-19,64.95,76.7,62.75,74.0,2785210
STRTECH,2020-03-20,74.0,79.25,72.0,72.3,2630687
STRTECH,2020-03-23,67.0,69.55,62.55,63.75,845378
STRTECH,2020-03-24,69.0,75.6,62.0,66.65,4035677
STRTECH,2020-03-25,63.25,67.4,63.25,65.9,1348039
STRTECH,2020-03-26,67.5,69.5,65.0,65.85,1570773
STRTECH,2020-03-27,67.5,68.5,63.3,63.8,1423878
STRTECH,2020-03-30,63.8,64.75,62.3,63.2,918808
STRTECH,2020-03-31,65.0,65.5,63.5,63.85,1015097
STRTECH,2020-04-01,64.0,66.5,62.8,63.25,1148539
STRTECH,2020-04-03,64.95,64.95,62.0,63.15,778313
STRTECH,2020-04-07,65.2,69.7,64.5,67.0,3648266
STRTECH,2020-04-08,67.0,69.35,65.45,66.45,2028835
STRTECH,2020-04-09,67.5,74.4,67.15,74.2,3862876
STRTECH,2020-04-13,74.9,81.5,71.0,79.4,5509944
STRTECH,2020-04-15,82.0,84.0,78.0,79.85,2113459
STRTECH,2020-04-16,79.8,83.9,78.35,83.2,1523697
STRTECH,2020-04-17,90.0,90.0,83.0,84.3,1723039
STRTECH,2020-04-20,86.0,93.45,84.3,90.75,3706218
STRTECH,2020-04-21,86.95,88.4,84.35,86.1,1272399
STRTECH,2020-04-22,86.0,94.5,84.8,91.85,3835143
STRTECH,2020-04-23,92.8,95.4,90.2,90.3,2135436
STRTECH,2020-04-24,87.2,90.35,86.05,86.9,1067418
STRTECH,2020-04-27,88.7,94.95,88.05,91.75,3636981
STRTECH,2020-04-28,92.4,93.5,90.2,91.1,1163911
STRTECH,2020-04-29,91.95,92.9,90.4,91.2,751029
STRTECH,2020-04-30,92.5,93.6,88.75,89.3,1424606
STRTECH,2020-05-04,88.7,89.3,86.85,87.9,1262329
STRTECH,2020-05-05,91.45,91.45,88.1,88.6,1194104
STRTECH,2020-05-06,88.8,89.7,87.0,88.55,864003
STRTECH,2020-05-07,88.95,94.4,87.5,93.0,4299369
STRTECH,2020-05-08,95.1,95.9,92.35,94.0,1757595
STRTECH,2020-05-11,96.9,97.1,94.25,95.0,2644856
STRTECH,2020-05-12,95.5,98.7,91.4,96.8,5500759
STRTECH,2020-05-13,99.9,106.4,96.8,100.9,6793450
STRTECH,2020-05-14,100.0,102.8,97.1,100.2,1881827
STRTECH,2020-05-15,100.5,102.0,99.2,100.15,1289956
STRTECH,2020-05-18,100.75,101.0,94.1,94.75,1376860
STRTECH,2020-05-19,97.05,99.9,93.9,98.0,1624957
STRTECH,2020-05-20,97.4,100.95,97.2,100.2,1207098
STRTECH,2020-05-21,99.1,102.5,99.1,100.95,1244798
STRTECH,2020-05-22,100.2,101.35,97.0,98.0,765438
STRTECH,2020-05-26,98.85,99.25,95.1,95.55,641496
STRTECH,2020-05-27,96.25,96.25,92.7,94.25,833115
STRTECH,2020-05-28,94.7,96.8,94.55,95.8,514341
STRTECH,2020-05-29,95.1,97.6,94.6,95.55,649121
STRTECH,2020-06-01,96.65,100.95,96.4,99.8,1623264
STRTECH,2020-06-02,100.0,107.3,98.7,105.85,6509573
STRTECH,2020-06-03,106.9,108.85,103.15,103.5,3126790
STRTECH,2020-06-04,103.7,107.0,102.45,104.8,7052985
STRTECH,2020-06-05,106.0,113.8,105.55,110.25,4375830
STRTECH,2020-06-08,112.0,114.45,108.3,109.9,3697863
STRTECH,2020-06-09,110.85,111.15,104.95,105.9,3198684
STRTECH,2020-06-10,107.4,107.8,105.5,106.95,2079130
STRTECH,2020-06-11,107.2,108.4,104.55,106.2,2103857
STRTECH,2020-06-12,100.0,104.25,98.2,103.75,2087505
STRTECH,2020-06-15,104.35,106.75,102.1,103.0,1437561
STRTECH,2020-06-16,105.0,106.8,99.95,102.95,1280413
STRTECH,2020-06-17,102.0,106.3,100.55,104.1,1238376
STRTECH,2020-06-18,109.0,114.0,107.2,108.35,3253876
STRTECH,2020-06-19,108.8,111.6,107.0,110.0,1844363
STRTECH,2020-06-22,111.1,111.8,107.7,109.0,1265522
STRTECH,2020-06-23,109.0,119.3,108.65,118.35,4793359
STRTECH,2020-06-24,119.3,122.0,113.0,114.7,2779129
STRTECH,2020-06-25,113.5,120.7,112.35,118.1,3550592
STRTECH,2020-06-26,119.3,119.85,115.3,116.8,1241549
STRTECH,2020-06-29,115.5,117.55,114.25,115.6,1103756
STRTECH,2020-06-30,116.5,116.7,108.8,109.5,1777768
STRTECH,2020-07-01,110.6,119.3,110.3,117.4,2720416
STRTECH,2020-07-02,118.0,129.9,116.0,127.0,6645075
STRTECH,2020-07-03,126.9,131.0,123.5,127.9,3188687
STRTECH,2020-07-06,128.5,133.8,126.0,131.95,2857319
STRTECH,2020-07-07,133.05,135.9,129.1,134.35,2464838
STRTECH,2020-07-08,136.0,137.9,133.0,134.55,2062328
STRTECH,2020-07-09,135.55,137.8,134.1,136.55,907078
STRTECH,2020-07-10,135.55,138.5,134.0,138.15,1237074
STRTECH,2020-07-13,138.15,139.75,136.75,137.8,1228718
STRTECH,2020-07-14,137.0,137.4,131.8,135.0,1229057
STRTECH,2020-07-15,135.75,154.9,134.1,147.95,6816652
STRTECH,2020-07-16,151.0,158.7,142.3,145.45,6455644
STRTECH,2020-07-17,145.9,156.5,143.5,155.7,4148784
STRTECH,2020-07-20,155.0,160.6,152.3,158.5,3688447
STRTECH,2020-07-21,159.9,159.9,137.2,137.85,7788176
STRTECH,2020-07-22,139.0,139.0,134.0,135.4,2560850
STRTECH,2020-07-23,135.2,140.0,131.1,136.8,6455397
STRTECH,2020-07-24,133.9,139.5,132.75,136.1,2190284
STRTECH,2020-07-27,135.8,136.0,126.2,127.0,1519751
STRTECH,2020-07-28,128.85,133.2,126.55,128.6,1500823
STRTECH,2020-07-29,129.25,130.15,121.45,122.3,2862244
STRTECH,2020-07-30,123.8,126.4,121.0,122.5,1512539
STRTECH,2020-07-31,123.0,123.15,120.15,121.5,990547
STRTECH,2020-08-03,121.75,121.8,115.5,116.2,1492367
STRTECH,2020-08-04,116.35,123.5,115.55,121.55,2264563
STRTECH,2020-08-05,122.15,125.35,120.1,122.6,1552969
STRTECH,2020-08-06,123.0,125.4,118.35,120.85,1410071
STRTECH,2020-08-07,121.6,125.45,121.05,124.6,1148748
STRTECH,2020-08-10,125.9,132.95,125.25,130.0,2392619
STRTECH,2020-08-11,131.5,137.9,131.05,134.2,2966760
STRTECH,2020-08-12,134.3,136.4,129.4,130.75,1816692
STRTECH,2020-08-13,131.7,134.35,130.55,132.65,1044619
STRTECH,2020-08-14,132.25,133.6,128.4,130.25,975757
STRTECH,2020-08-17,144.0,153.45,138.35,149.65,14950374
STRTECH,2020-08-18,148.9,154.7,145.45,147.95,4946398
STRTECH,2020-08-19,148.2,152.5,148.2,149.0,2120317
STRTECH,2020-08-20,145.0,149.25,143.0,146.25,1106968
STRTECH,2020-08-21,148.0,151.0,147.0,148.25,1223102
STRTECH,2020-08-24,149.6,174.4,149.4,170.3,11972722
STRTECH,2020-08-25,172.8,173.8,164.0,167.35,3605246
STRTECH,2020-08-26,168.0,174.7,164.25,172.25,3405803
STRTECH,2020-08-27,170.15,170.6,164.4,165.2,1365137
STRTECH,2020-08-28,166.8,168.8,159.0,159.7,1403236
STRTECH,2020-08-31,160.95,167.4,148.0,149.9,3040109
STRTECH,2020-09-01,147.0,159.0,143.3,155.2,1982149
STRTECH,2020-09-02,155.0,157.0,152.25,154.85,856295
STRTECH,2020-09-03,153.1,155.2,151.3,152.05,693456
STRTECH,2020-09-04,146.0,150.8,146.0,146.85,793095
STRTECH,2020-09-07,146.85,159.5,145.5,156.4,3452801
STRTECH,2020-09-08,157.0,161.6,148.7,150.95,2809892
STRTECH,2020-09-09,148.0,151.5,144.4,148.4,1326781
STRTECH,2020-09-10,150.0,153.75,148.1,150.15,799797
STRTECH,2020-09-11,150.4,151.7,147.5,149.1,605035
STRTECH,2020-09-14,152.0,157.95,152.0,154.95,1461261
STRTECH,2020-09-15,155.0,160.85,155.0,157.25,1105345
STRTECH,2020-09-16,164.8,167.0,162.1,163.45,2963214
STRTECH,2020-09-17,162.0,163.9,160.7,161.45,903877
STRTECH,2020-09-18,162.0,164.0,155.2,156.15,1068733
STRTECH,2020-09-21,156.1,158.5,148.0,149.25,1096563
STRTECH,2020-09-22,149.25,149.7,140.55,145.45,1278091
STRTECH,2020-09-23,146.85,150.5,142.5,145.15,965980
STRTECH,2020-09-24,143.0,144.9,140.0,140.45,855213
STRTECH,2020-09-25,142.9,145.6,139.25,143.25,1420758
STRTECH,2020-09-28,145.3,149.4,144.85,148.1,783334
STRTECH,2020-09-29,150.25,157.0,147.15,148.4,2085844
STRTECH,2020-09-30,149.8,153.15,147.55,150.05,848726
STRTECH,2020-10-01,151.35,154.35,150.1,153.2,1108694
STRTECH,2020-10-05,153.0,157.0,152.0,155.0,1267833
STRTECH,2020-10-06,156.55,157.1,151.5,153.4,863369
STRTECH,2020-10-07,158.9,158.9,153.3,154.75,1369933
STRTECH,2020-10-08,155.0,155.7,151.0,152.7,843988
STRTECH,2020-10-09,152.1,153.5,148.3,148.9,914684
STRTECH,2020-10-12,148.5,149.6,143.55,144.6,595135
STRTECH,2020-10-13,144.4,147.55,142.5,145.9,679778
STRTECH,2020-10-14,144.6,152.45,143.35,151.3,974838
STRTECH,2020-10-15,152.0,152.9,145.75,146.5,952094
STRTECH,2020-10-16,146.95,152.5,146.1,150.85,834397
STRTECH,2020-10-19,152.0,153.5,149.65,152.3,588358
STRTECH,2020-10-20,151.05,152.75,149.05,149.55,666519
STRTECH,2020-10-21,150.45,153.7,148.4,151.8,858365
STRTECH,2020-10-22,152.65,159.9,151.1,158.35,3919347
STRTECH,2020-10-23,160.0,161.3,154.05,156.1,1188108
STRTECH,2020-10-26,156.1,157.8,151.8,152.55,645295
STRTECH,2020-10-27,153.3,156.85,149.6,153.8,739970
STRTECH,2020-10-28,153.45,156.8,150.55,151.3,658299
